fecha,ticker,precio_entrada,prediccion,fiabilidad,resultado_real,monto
2026-02-26 17:25,NVDA,187.38,VENTA (BEARISH),52.6%,✅ (-1.09% | $-2.04),
2026-02-26 17:25,AAPL,271.76,VENTA (BEARISH),52.6%,✅ (-0.17% | $-0.45),
2026-02-26 17:25,MSFT,400.67,COMPRA (BULLISH),52.6%,❌ (-0.14% | $-0.55),
2026-02-26 17:25,TSLA,405.02,VENTA (BEARISH),52.6%,❌ (0.03% | $0.13),
2026-02-26 17:25,GOOGL,305.76,VENTA (BEARISH),52.6%,✅ (-0.26% | $-0.8),
2026-02-26 17:34,NVDA,187.87,VENTA (BEARISH),52.6%,✅ (-1.35% | $-2.53),
2026-02-26 17:34,AAPL,271.82,VENTA (BEARISH),52.6%,✅ (-0.19% | $-0.51),
2026-02-26 17:34,MSFT,401.03,COMPRA (BULLISH),52.6%,❌ (-0.23% | $-0.91),
2026-02-26 17:34,TSLA,406.24,VENTA (BEARISH),52.6%,✅ (-0.27% | $-1.09),
2026-02-26 17:34,GOOGL,305.63,VENTA (BEARISH),52.6%,✅ (-0.22% | $-0.67),
2026-02-26 17:45,NVDA,186.6,VENTA (BEARISH),55.8%,✅ (-0.68% | $-1.26),
2026-02-26 17:45,AAPL,271.35,VENTA (BEARISH),52.95%,✅ (-0.01% | $-0.04),
2026-02-26 17:45,MSFT,400.86,COMPRA (BULLISH),54.38%,❌ (-0.18% | $-0.74),
2026-02-26 17:45,TSLA,404.39,VENTA (BEARISH),53.68%,❌ (0.19% | $0.76),
2026-02-26 17:45,GOOGL,305.05,VENTA (BEARISH),54.18%,✅ (-0.03% | $-0.09),
2026-02-26 17:54,NVDA,186.54,VENTA (BEARISH),55.83%,✅ (-0.64% | $-1.2),
2026-02-26 17:54,AAPL,271.14,VENTA (BEARISH),53.02%,❌ (0.06% | $0.17),
2026-02-26 17:54,MSFT,400.48,COMPRA (BULLISH),54.29%,❌ (-0.09% | $-0.36),
2026-02-26 17:54,TSLA,404.45,VENTA (BEARISH),53.66%,❌ (0.17% | $0.7),
2026-02-26 17:54,GOOGL,305.51,VENTA (BEARISH),54.04%,✅ (-0.18% | $-0.55),
2026-02-26 18:30,NVDA,185.35,📉 VENTA (TENDENCIA BAJISTA),56.28%,✅ (-0.25% | $-0.46),
2026-02-26 18:30,AAPL,271.32,📉 VENTA (TENDENCIA BAJISTA),53.05%,❌ (0.6% | $1.63),
2026-02-26 18:30,MSFT,400.12,⚪ NEUTRAL (ESPERANDO CONFIRMACIÓN),53.98%,❌ (0.4% | $1.6),
2026-02-26 18:30,TSLA,405.11,📉 VENTA (TENDENCIA BAJISTA),53.63%,❌ (0.86% | $3.47),
2026-02-26 18:30,GOOGL,305.0,📉 VENTA (TENDENCIA BAJISTA),54.09%,❌ (0.78% | $2.38),
2026-02-26 22:01,NVDA,184.9,📉 VENTA (TENDENCIA BAJISTA),56.16%,✅ (-0.01% | $-0.01),
2026-02-26 22:01,AAPL,272.99,⚪ NEUTRAL (ESPERANDO CONFIRMACIÓN),52.64%,⚪ NO OPERADO,
2026-02-26 22:01,MSFT,401.81,⚪ NEUTRAL (ESPERANDO CONFIRMACIÓN),54.14%,⚪ NO OPERADO,
2026-02-26 22:01,TSLA,408.48,📉 VENTA (TENDENCIA BAJISTA),52.95%,❌ (0.02% | $0.1),
2026-02-26 22:01,GOOGL,307.44,📉 VENTA (TENDENCIA BAJISTA),53.25%,✅ (-0.02% | $-0.06),
2026-02-26 22:09,NVDA,184.9,📉 VENTA (TENDENCIA BAJISTA),56.16%,✅ (-0.01% | $-0.01),
2026-02-26 22:09,AAPL,272.99,⚪ NEUTRAL (ESPERANDO CONFIRMACIÓN),52.64%,⚪ NO OPERADO,
2026-02-26 22:09,MSFT,401.81,⚪ NEUTRAL (ESPERANDO CONFIRMACIÓN),54.14%,⚪ NO OPERADO,
2026-02-26 22:09,TSLA,408.48,📉 VENTA (TENDENCIA BAJISTA),52.95%,❌ (0.02% | $0.1),
2026-02-26 22:09,GOOGL,307.44,📉 VENTA (TENDENCIA BAJISTA),53.25%,✅ (-0.02% | $-0.06),
2026-02-26 22:18,NVDA,184.9,📉 VENTA (TENDENCIA BAJISTA),56.16%,✅ (-1.49% | $-2.76),
2026-02-26 22:18,AAPL,272.99,⚪ NEUTRAL (ESPERANDO CONFIRMACIÓN),52.64%,⚪ NO OPERADO,
2026-02-26 22:18,MSFT,401.81,⚪ NEUTRAL (ESPERANDO CONFIRMACIÓN),54.14%,⚪ NO OPERADO,
2026-02-26 22:18,TSLA,408.48,📉 VENTA (TENDENCIA BAJISTA),52.95%,✅ (-0.94% | $-3.84),
2026-02-26 22:18,GOOGL,307.44,📉 VENTA (TENDENCIA BAJISTA),53.25%,❌ (0.2% | $0.63),
2026-02-26 22:18,AMZN,207.91,📉 VENTA (TENDENCIA BAJISTA),53.0%,✅ (-0.88% | $-1.83),
2026-02-26 22:18,META,657.01,⚪ NEUTRAL (ESPERANDO CONFIRMACIÓN),53.88%,⚪ NO OPERADO,
2026-02-26 22:18,NFLX,84.62,⚪ NEUTRAL (ESPERANDO CONFIRMACIÓN),56.28%,⚪ NO OPERADO,
2026-02-26 22:18,AMD,203.67,⚪ NEUTRAL (ESPERANDO CONFIRMACIÓN),55.32%,⚪ NO OPERADO,
2026-02-26 22:18,INTC,45.48,📉 VENTA (TENDENCIA BAJISTA),53.5%,❌ (2.15% | $0.98),
2026-02-26 22:18,PYPL,45.54,📉 VENTA (TENDENCIA BAJISTA),53.18%,❌ (1.27% | $0.58),
2026-02-26 22:18,ADBE,259.09,🚀 COMPRA (ALTA CONFIANZA),53.6%,❌ (-1.21% | $-3.14),
2026-02-26 22:18,CSCO,78.14,📉 VENTA (TENDENCIA BAJISTA),52.99%,✅ (-0.28% | $-0.22),
2026-02-26 22:18,PEP,167.56,📉 VENTA (TENDENCIA BAJISTA),53.12%,❌ (0.51% | $0.86),
2026-02-26 22:18,COST,986.68,📉 VENTA (TENDENCIA BAJISTA),53.17%,❌ (0.45% | $4.47),
2026-02-26 22:18,AVGO,321.7,📉 VENTA (TENDENCIA BAJISTA),53.33%,✅ (-1.19% | $-3.82),
2026-02-26 22:18,QCOM,145.61,🚀 COMPRA (ALTA CONFIANZA),52.88%,❌ (-2.35% | $-3.42),
2026-02-26 22:18,TMUS,213.16,⚪ NEUTRAL (ESPERANDO CONFIRMACIÓN),54.95%,⚪ NO OPERADO,
2026-02-26 22:18,TXN,212.64,📉 VENTA (TENDENCIA BAJISTA),52.73%,✅ (-1.51% | $-3.21),
2026-02-26 22:18,AMAT,375.77,📉 VENTA (TENDENCIA BAJISTA),54.17%,❌ (0.41% | $1.53),
2026-02-27 15:10,NVDA,182.2,⚪ NEUTRAL (ESPERANDO CONFIRMACIÓN),57.32%,⚪ NO OPERADO,
2026-02-27 15:10,AAPL,269.88,📉 VENTA (TENDENCIA BAJISTA),53.64%,✅ (-2.26% | $-6.1),
2026-02-27 15:10,MSFT,393.52,📉 VENTA (TENDENCIA BAJISTA),53.14%,❌ (1.18% | $4.64),
2026-02-27 15:10,TSLA,404.7,📉 VENTA (TENDENCIA BAJISTA),53.89%,✅ (-2.14% | $-8.67),
2026-02-27 15:10,GOOGL,307.95,📉 VENTA (TENDENCIA BAJISTA),53.04%,✅ (-1.01% | $-3.1),
2026-02-27 15:10,AMZN,206.05,📉 VENTA (TENDENCIA BAJISTA),53.82%,❌ (0.82% | $1.68),
2026-02-27 15:10,META,645.51,📉 VENTA (TENDENCIA BAJISTA),53.15%,❌ (0.39% | $2.5),
2026-02-27 15:10,NFLX,91.52,⚪ NEUTRAL (ESPERANDO CONFIRMACIÓN),63.73%,⚪ NO OPERADO,
2026-02-27 15:10,AMD,200.89,⚪ NEUTRAL (ESPERANDO CONFIRMACIÓN),56.41%,⚪ NO OPERADO,
2026-02-27 15:10,INTC,46.45,🚀 COMPRA (ALTA CONFIANZA),53.7%,❌ (-3.44% | $-1.6),
2026-02-27 15:10,PYPL,46.13,🚀 COMPRA (ALTA CONFIANZA),53.05%,❌ (-2.58% | $-1.19),
2026-02-27 15:10,ADBE,255.94,📉 VENTA (TENDENCIA BAJISTA),52.86%,❌ (1.12% | $2.87),
2026-02-27 15:10,CSCO,77.95,📉 VENTA (TENDENCIA BAJISTA),53.21%,❌ (0.64% | $0.5),
2026-02-27 15:10,PEP,168.42,📉 VENTA (TENDENCIA BAJISTA),52.62%,✅ (-0.06% | $-0.1),
2026-02-27 15:10,COST,991.15,📉 VENTA (TENDENCIA BAJISTA),52.7%,❌ (1.98% | $19.61),
2026-02-27 15:10,AVGO,318.0,📉 VENTA (TENDENCIA BAJISTA),54.37%,✅ (-1.03% | $-3.27),
2026-02-27 15:10,QCOM,142.26,📉 VENTA (TENDENCIA BAJISTA),54.55%,✅ (-2.33% | $-3.31),
2026-02-27 15:10,TMUS,214.27,⚪ NEUTRAL (ESPERANDO CONFIRMACIÓN),54.27%,⚪ NO OPERADO,
2026-02-27 15:10,TXN,209.43,📉 VENTA (TENDENCIA BAJISTA),54.09%,❌ (0.69% | $1.45),
2026-02-27 15:10,AMAT,377.55,📉 VENTA (TENDENCIA BAJISTA),53.73%,✅ (-2.21% | $-8.36),
2026-03-02 15:10,NVDA,180.46,📉 VENTA (TENDENCIA BAJISTA),55.65%,❌ (1.04% | $1.87),
2026-03-02 15:10,AAPL,263.69,⚪ NEUTRAL (ESPERANDO CONFIRMACIÓN),55.08%,⚪ NO OPERADO,
2026-03-02 15:10,MSFT,398.12,🚀 COMPRA (ALTA CONFIANZA),53.44%,❌ (-0.1% | $-0.39),
2026-03-02 15:10,TSLA,396.36,⚪ NEUTRAL (ESPERANDO CONFIRMACIÓN),55.2%,⚪ NO OPERADO,
2026-03-02 15:10,GOOGL,304.93,📉 VENTA (TENDENCIA BAJISTA),53.66%,❌ (0.37% | $1.14),
2026-03-02 15:10,AMZN,207.64,📉 VENTA (TENDENCIA BAJISTA),52.99%,❌ (0.32% | $0.66),
2026-03-02 15:10,META,648.01,📉 VENTA (TENDENCIA BAJISTA),52.86%,❌ (0.71% | $4.59),
2026-03-02 15:10,NFLX,97.25,⚪ NEUTRAL (ESPERANDO CONFIRMACIÓN),62.87%,⚪ NO OPERADO,
2026-03-02 15:10,AMD,195.67,⚪ NEUTRAL (ESPERANDO CONFIRMACIÓN),56.5%,⚪ NO OPERADO,
2026-03-02 15:10,INTC,44.88,📉 VENTA (TENDENCIA BAJISTA),54.26%,❌ (1.67% | $0.75),
2026-03-02 15:10,PYPL,44.93,📉 VENTA (TENDENCIA BAJISTA),55.06%,❌ (1.8% | $0.81),
2026-03-02 15:10,ADBE,258.81,🚀 COMPRA (ALTA CONFIANZA),52.69%,✅ (1.09% | $2.82),
2026-03-02 15:10,CSCO,78.47,📉 VENTA (TENDENCIA BAJISTA),52.74%,❌ (1.01% | $0.79),
2026-03-02 15:10,PEP,168.32,📉 VENTA (TENDENCIA BAJISTA),52.84%,✅ (-0.3% | $-0.51),
2026-03-02 15:10,COST,1010.76,🚀 COMPRA (ALTA CONFIANZA),54.17%,❌ (-0.53% | $-5.41),
2026-03-02 15:10,AVGO,314.9,📉 VENTA (TENDENCIA BAJISTA),54.37%,❌ (1.16% | $3.64),
2026-03-02 15:10,QCOM,139.07,⚪ NEUTRAL (ESPERANDO CONFIRMACIÓN),56.07%,⚪ NO OPERADO,
2026-03-02 15:10,TMUS,217.04,🚀 COMPRA (ALTA CONFIANZA),53.02%,❌ (-0.53% | $-1.15),
2026-03-02 15:10,TXN,210.88,📉 VENTA (TENDENCIA BAJISTA),52.93%,✅ (-0.4% | $-0.85),
2026-03-02 15:10,AMAT,369.94,📉 VENTA (TENDENCIA BAJISTA),54.84%,❌ (0.51% | $1.89),
2026-03-02 20:50,NVDA,182.38,⚪ NEUTRAL (ESPERANDO CONFIRMACIÓN),52.64%,⚪ NO OPERADO,
2026-03-02 20:50,AAPL,263.89,⚪ NEUTRAL (ESPERANDO CONFIRMACIÓN),54.06%,⚪ NO OPERADO,
2026-03-02 20:50,MSFT,397.84,⚪ NEUTRAL (ESPERANDO CONFIRMACIÓN),53.37%,⚪ NO OPERADO,
2026-03-02 20:50,TSLA,402.14,📉 VENTA (TENDENCIA BAJISTA),52.86%,❌ (0.23% | $0.91),
2026-03-02 20:50,GOOGL,306.19,📉 VENTA (TENDENCIA BAJISTA),52.88%,❌ (0.12% | $0.38),
2026-03-02 20:50,AMZN,208.34,⚪ NEUTRAL (ESPERANDO CONFIRMACIÓN),52.75%,⚪ NO OPERADO,
2026-03-02 20:50,META,652.71,⚪ NEUTRAL (ESPERANDO CONFIRMACIÓN),52.93%,⚪ NO OPERADO,
2026-03-02 20:50,NFLX,97.61,⚪ NEUTRAL (ESPERANDO CONFIRMACIÓN),58.11%,⚪ NO OPERADO,
2026-03-02 20:50,AMD,198.18,📉 VENTA (TENDENCIA BAJISTA),53.26%,❌ (0.15% | $0.29),
2026-03-02 20:50,INTC,45.64,⚪ NEUTRAL (ESPERANDO CONFIRMACIÓN),53.43%,⚪ NO OPERADO,
2026-03-02 20:50,PYPL,45.75,⚪ NEUTRAL (ESPERANDO CONFIRMACIÓN),52.91%,⚪ NO OPERADO,
2026-03-02 20:50,ADBE,261.66,⚪ NEUTRAL (ESPERANDO CONFIRMACIÓN),53.21%,⚪ NO OPERADO,
2026-03-02 20:50,CSCO,79.26,⚪ NEUTRAL (ESPERANDO CONFIRMACIÓN),53.52%,⚪ NO OPERADO,
2026-03-02 20:50,PEP,167.8,📉 VENTA (TENDENCIA BAJISTA),53.0%,✅ (-0.2% | $-0.34),
2026-03-02 20:50,COST,1005.36,⚪ NEUTRAL (ESPERANDO CONFIRMACIÓN),53.24%,⚪ NO OPERADO,
2026-03-02 20:50,AVGO,318.52,⚪ NEUTRAL (ESPERANDO CONFIRMACIÓN),53.2%,⚪ NO OPERADO,
2026-03-02 20:50,QCOM,140.82,📉 VENTA (TENDENCIA BAJISTA),53.82%,❌ (0.22% | $0.31),
2026-03-02 20:50,TMUS,215.89,⚪ NEUTRAL (ESPERANDO CONFIRMACIÓN),52.95%,⚪ NO OPERADO,
2026-03-02 20:50,TXN,210.03,📉 VENTA (TENDENCIA BAJISTA),52.86%,✅ (-0.13% | $-0.28),
2026-03-02 20:50,AMAT,371.92,📉 VENTA (TENDENCIA BAJISTA),52.77%,❌ (0.05% | $0.19),
2026-03-02 20:56,NVDA,182.54,⚪ NEUTRAL (ESPERANDO CONFIRMACIÓN),52.72%,⚪ NO OPERADO,
2026-03-02 20:56,AAPL,264.77,⚪ NEUTRAL (ESPERANDO CONFIRMACIÓN),53.75%,⚪ NO OPERADO,
2026-03-02 20:56,MSFT,398.64,⚪ NEUTRAL (ESPERANDO CONFIRMACIÓN),53.57%,⚪ NO OPERADO,
2026-03-02 20:56,TSLA,403.06,📉 VENTA (TENDENCIA BAJISTA),52.64%,✅ (4.0% | $1004.00),
2026-03-02 20:56,GOOGL,306.52,📉 VENTA (TENDENCIA BAJISTA),52.78%,✅ (3.03% | $1007.03),
2026-03-02 20:56,AMZN,208.51,⚪ NEUTRAL (ESPERANDO CONFIRMACIÓN),52.82%,⚪ NO OPERADO,
2026-03-02 20:56,META,653.93,⚪ NEUTRAL (ESPERANDO CONFIRMACIÓN),53.11%,⚪ NO OPERADO,
2026-03-02 20:56,NFLX,97.31,⚪ NEUTRAL (ESPERANDO CONFIRMACIÓN),57.8%,⚪ NO OPERADO,
2026-03-02 20:56,AMD,198.48,📉 VENTA (TENDENCIA BAJISTA),53.12%,✅ (4.89% | $1011.92),
2026-03-02 20:56,INTC,45.47,⚪ NEUTRAL (ESPERANDO CONFIRMACIÓN),53.08%,⚪ NO OPERADO,
2026-03-02 20:56,PYPL,45.74,⚪ NEUTRAL (ESPERANDO CONFIRMACIÓN),52.89%,⚪ NO OPERADO,
2026-03-02 20:56,ADBE,261.08,⚪ NEUTRAL (ESPERANDO CONFIRMACIÓN),52.99%,⚪ NO OPERADO,
2026-03-02 20:56,CSCO,79.43,⚪ NEUTRAL (ESPERANDO CONFIRMACIÓN),53.73%,⚪ NO OPERADO,
2026-03-02 20:56,PEP,167.45,📉 VENTA (TENDENCIA BAJISTA),53.2%,✅ (1.0% | $1012.91),
2026-03-02 20:56,COST,1003.63,⚪ NEUTRAL (ESPERANDO CONFIRMACIÓN),53.07%,⚪ NO OPERADO,
2026-03-02 20:56,AVGO,318.84,⚪ NEUTRAL (ESPERANDO CONFIRMACIÓN),53.3%,⚪ NO OPERADO,
2026-03-02 20:56,QCOM,141.1,📉 VENTA (TENDENCIA BAJISTA),53.64%,✅ (3.31% | $1016.22),
2026-03-02 20:56,TMUS,216.19,⚪ NEUTRAL (ESPERANDO CONFIRMACIÓN),53.09%,⚪ NO OPERADO,
2026-03-02 20:56,TXN,209.75,📉 VENTA (TENDENCIA BAJISTA),52.98%,✅ (3.51% | $1019.74),
2026-03-02 20:56,AMAT,372.05,📉 VENTA (TENDENCIA BAJISTA),52.74%,✅ (5.95% | $1025.69),
2026-03-03 15:28,NVDA,177.92,📉 VENTA (TENDENCIA BAJISTA),54.74%,❌ (-0.82% | $1024.86),
2026-03-03 15:28,AAPL,262.86,📉 VENTA (TENDENCIA BAJISTA),54.28%,✅ (0.79% | $1025.65),
2026-03-03 15:28,MSFT,393.74,📉 VENTA (TENDENCIA BAJISTA),52.85%,❌ (-1.99% | $1023.66),
2026-03-03 15:28,TSLA,386.86,⚪ NEUTRAL (ESPERANDO CONFIRMACIÓN),56.39%,⚪ NO OPERADO,
2026-03-03 15:28,GOOGL,297.22,📉 VENTA (TENDENCIA BAJISTA),55.65%,❌ (-1.25% | $1022.41),
2026-03-03 15:28,AMZN,202.59,📉 VENTA (TENDENCIA BAJISTA),55.08%,❌ (-1.83% | $1020.58),
2026-03-03 15:28,META,639.72,📉 VENTA (TENDENCIA BAJISTA),54.15%,❌ (-1.61% | $1018.97),
2026-03-03 15:28,NFLX,95.47,🚀 COMPRA (ALTA CONFIANZA),55.19%,✅ (1.12% | $1020.09),
2026-03-03 15:28,AMD,188.81,⚪ NEUTRAL (ESPERANDO CONFIRMACIÓN),57.62%,⚪ NO OPERADO,
2026-03-03 15:28,INTC,42.28,⚪ NEUTRAL (ESPERANDO CONFIRMACIÓN),58.85%,⚪ NO OPERADO,
2026-03-03 15:28,PYPL,44.97,📉 VENTA (TENDENCIA BAJISTA),53.93%,🛑 STOP LOSS (-2.0% | $1018.09),
2026-03-03 15:28,ADBE,262.69,🚀 COMPRA (ALTA CONFIANZA),53.53%,✅ (2.25% | $1020.34),
2026-03-03 15:28,CSCO,77.61,📉 VENTA (TENDENCIA BAJISTA),53.74%,❌ (-1.41% | $1018.93),
2026-03-03 15:28,PEP,165.78,⚪ NEUTRAL (ESPERANDO CONFIRMACIÓN),54.11%,⚪ NO OPERADO,
2026-03-03 15:28,COST,1008.2,🚀 COMPRA (ALTA CONFIANZA),53.43%,❌ (-0.36% | $1018.57),
2026-03-03 15:28,AVGO,309.58,📉 VENTA (TENDENCIA BAJISTA),54.74%,❌ (-1.04% | $1017.53),
2026-03-03 15:28,QCOM,136.43,📉 VENTA (TENDENCIA BAJISTA),56.59%,❌ (-0.91% | $1016.62),
2026-03-03 15:28,TMUS,217.07,🚀 COMPRA (ALTA CONFIANZA),53.43%,❌ (-0.34% | $1016.28),
2026-03-03 15:28,TXN,202.43,📉 VENTA (TENDENCIA BAJISTA),56.21%,❌ (-0.93% | $1015.35),
2026-03-03 15:28,AMAT,349.77,⚪ NEUTRAL (ESPERANDO CONFIRMACIÓN),58.4%,⚪ NO OPERADO,
2026-03-03 17:28,NVDA,180.04,📉 VENTA (TENDENCIA BAJISTA),53.2%,✅ (0.36% | $1015.71),
2026-03-03 17:28,AAPL,261.89,⚪ NEUTRAL (ESPERANDO CONFIRMACIÓN),54.29%,⚪ NO OPERADO,
2026-03-03 17:28,MSFT,401.8,🚀 COMPRA (ALTA CONFIANZA),54.35%,❌ (-0.05% | $1015.66),
2026-03-03 17:28,TSLA,392.06,📉 VENTA (TENDENCIA BAJISTA),54.79%,✅ (0.62% | $1016.28),
2026-03-03 17:28,GOOGL,301.35,📉 VENTA (TENDENCIA BAJISTA),54.17%,✅ (0.14% | $1016.42),
2026-03-03 17:28,AMZN,206.59,📉 VENTA (TENDENCIA BAJISTA),53.16%,✅ (0.14% | $1016.56),
2026-03-03 17:28,META,652.19,⚪ NEUTRAL (ESPERANDO CONFIRMACIÓN),52.99%,⚪ NO OPERADO,
2026-03-03 17:28,NFLX,96.58,⚪ NEUTRAL (ESPERANDO CONFIRMACIÓN),55.05%,⚪ NO OPERADO,
2026-03-03 17:28,AMD,191.39,📉 VENTA (TENDENCIA BAJISTA),55.77%,✅ (0.16% | $1016.71),
2026-03-03 17:28,INTC,43.29,📉 VENTA (TENDENCIA BAJISTA),56.19%,✅ (0.25% | $1016.97),
2026-03-03 17:28,PYPL,46.08,🚀 COMPRA (ALTA CONFIANZA),53.44%,❌ (-0.25% | $1016.72),
2026-03-03 17:28,ADBE,268.17,🚀 COMPRA (ALTA CONFIANZA),55.19%,✅ (0.16% | $1016.88),
2026-03-03 17:28,CSCO,78.81,⚪ NEUTRAL (ESPERANDO CONFIRMACIÓN),52.92%,⚪ NO OPERADO,
2026-03-03 17:28,PEP,164.9,⚪ NEUTRAL (ESPERANDO CONFIRMACIÓN),54.43%,⚪ NO OPERADO,
2026-03-03 17:28,COST,1004.82,⚪ NEUTRAL (ESPERANDO CONFIRMACIÓN),52.93%,⚪ NO OPERADO,
2026-03-03 17:28,AVGO,314.74,📉 VENTA (TENDENCIA BAJISTA),53.15%,✅ (0.62% | $1017.49),
2026-03-03 17:28,QCOM,138.08,📉 VENTA (TENDENCIA BAJISTA),54.93%,✅ (0.3% | $1017.79),
2026-03-03 17:28,TMUS,216.04,⚪ NEUTRAL (ESPERANDO CONFIRMACIÓN),52.84%,⚪ NO OPERADO,
2026-03-03 17:28,TXN,204.63,📉 VENTA (TENDENCIA BAJISTA),54.84%,✅ (0.15% | $1017.94),
2026-03-03 17:28,AMAT,355.61,📉 VENTA (TENDENCIA BAJISTA),56.36%,✅ (0.26% | $1018.20),
2026-03-03 17:38,NVDA,179.31,📉 VENTA (TENDENCIA BAJISTA),53.44%,❌ (-0.39% | $1017.81),
2026-03-03 17:38,AAPL,260.73,📉 VENTA (TENDENCIA BAJISTA),54.5%,❌ (-0.23% | $1017.58),
2026-03-03 17:38,MSFT,401.58,⚪ NEUTRAL (ESPERANDO CONFIRMACIÓN),54.27%,⚪ NO OPERADO,
2026-03-03 17:38,TSLA,389.79,📉 VENTA (TENDENCIA BAJISTA),55.13%,❌ (-0.59% | $1016.99),
2026-03-03 17:38,GOOGL,300.89,📉 VENTA (TENDENCIA BAJISTA),54.21%,❌ (-0.08% | $1016.91),
2026-03-03 17:38,AMZN,206.34,📉 VENTA (TENDENCIA BAJISTA),53.26%,❌ (-0.22% | $1016.69),
2026-03-03 17:38,META,649.85,⚪ NEUTRAL (ESPERANDO CONFIRMACIÓN),52.69%,⚪ NO OPERADO,
2026-03-03 17:38,NFLX,96.56,⚪ NEUTRAL (ESPERANDO CONFIRMACIÓN),54.42%,⚪ NO OPERADO,
2026-03-03 17:38,AMD,191.1,📉 VENTA (TENDENCIA BAJISTA),55.62%,❌ (-0.17% | $1016.52),
2026-03-03 17:38,INTC,43.19,📉 VENTA (TENDENCIA BAJISTA),56.2%,❌ (-0.25% | $1016.27),
2026-03-03 17:38,PYPL,45.97,⚪ NEUTRAL (ESPERANDO CONFIRMACIÓN),53.05%,⚪ NO OPERADO,
2026-03-03 17:38,ADBE,268.6,⚪ NEUTRAL (ESPERANDO CONFIRMACIÓN),55.15%,⚪ NO OPERADO,
2026-03-03 17:38,CSCO,78.71,⚪ NEUTRAL (ESPERANDO CONFIRMACIÓN),52.75%,⚪ NO OPERADO,
2026-03-03 17:38,PEP,164.85,⚪ NEUTRAL (ESPERANDO CONFIRMACIÓN),54.36%,⚪ NO OPERADO,
2026-03-03 17:38,COST,1004.39,⚪ NEUTRAL (ESPERANDO CONFIRMACIÓN),52.8%,⚪ NO OPERADO,
2026-03-03 17:38,AVGO,312.8,📉 VENTA (TENDENCIA BAJISTA),53.73%,❌ (-0.42% | $1015.85),
2026-03-03 17:38,QCOM,137.6,📉 VENTA (TENDENCIA BAJISTA),55.02%,❌ (-0.22% | $1015.62),
2026-03-03 17:38,TMUS,216.3,⚪ NEUTRAL (ESPERANDO CONFIRMACIÓN),52.91%,⚪ NO OPERADO,
2026-03-03 17:38,TXN,204.32,📉 VENTA (TENDENCIA BAJISTA),54.81%,❌ (-0.11% | $1015.51),
2026-03-03 17:38,AMAT,354.7,📉 VENTA (TENDENCIA BAJISTA),56.35%,❌ (-0.12% | $1015.40),
2026-03-03 17:49,NVDA,179.99,📉 VENTA (TENDENCIA BAJISTA),53.08%,❌ (-0.94% | $1014.46),
2026-03-03 17:49,AAPL,261.32,📉 VENTA (TENDENCIA BAJISTA),54.29%,❌ (-0.42% | $1014.03),
2026-03-03 17:49,MSFT,401.83,⚪ NEUTRAL (ESPERANDO CONFIRMACIÓN),54.33%,⚪ NO OPERADO,
2026-03-03 17:49,TSLA,392.06,📉 VENTA (TENDENCIA BAJISTA),54.59%,🛑 STOP LOSS (-2.0% | $1012.03),
2026-03-03 17:49,GOOGL,301.16,📉 VENTA (TENDENCIA BAJISTA),54.13%,❌ (-0.8% | $1011.24),
2026-03-03 17:49,AMZN,206.79,📉 VENTA (TENDENCIA BAJISTA),53.05%,🛑 STOP LOSS (-2.0% | $1009.24),
2026-03-03 17:49,META,650.81,⚪ NEUTRAL (ESPERANDO CONFIRMACIÓN),52.83%,⚪ NO OPERADO,
2026-03-03 17:49,NFLX,96.39,⚪ NEUTRAL (ESPERANDO CONFIRMACIÓN),54.25%,⚪ NO OPERADO,
2026-03-03 17:49,AMD,191.44,📉 VENTA (TENDENCIA BAJISTA),55.46%,🛑 STOP LOSS (-2.0% | $1007.24),
2026-03-03 17:49,INTC,43.3,📉 VENTA (TENDENCIA BAJISTA),55.96%,❌ (-1.28% | $1005.96),
2026-03-03 17:49,PYPL,46.24,⚪ NEUTRAL (ESPERANDO CONFIRMACIÓN),53.63%,⚪ NO OPERADO,
2026-03-03 17:49,ADBE,268.06,⚪ NEUTRAL (ESPERANDO CONFIRMACIÓN),54.96%,⚪ NO OPERADO,
2026-03-03 17:49,CSCO,78.9,⚪ NEUTRAL (ESPERANDO CONFIRMACIÓN),52.99%,⚪ NO OPERADO,
2026-03-03 17:49,PEP,165.09,⚪ NEUTRAL (ESPERANDO CONFIRMACIÓN),54.23%,⚪ NO OPERADO,
2026-03-03 17:49,COST,1007.91,⚪ NEUTRAL (ESPERANDO CONFIRMACIÓN),53.14%,⚪ NO OPERADO,
2026-03-03 17:49,AVGO,314.12,📉 VENTA (TENDENCIA BAJISTA),53.33%,❌ (-1.42% | $1004.54),
2026-03-03 17:49,QCOM,137.91,📉 VENTA (TENDENCIA BAJISTA),54.81%,✅ (0.0% | $1004.54),
2026-03-03 17:49,TMUS,216.15,⚪ NEUTRAL (ESPERANDO CONFIRMACIÓN),52.84%,⚪ NO OPERADO,
2026-03-03 17:49,TXN,204.54,📉 VENTA (TENDENCIA BAJISTA),54.71%,✅ (0.3% | $1004.84),
2026-03-03 17:49,AMAT,355.12,📉 VENTA (TENDENCIA BAJISTA),56.24%,❌ (-0.16% | $1004.68),
2026-03-04 15:08,NVDA,181.68,🚀 COMPRA (ALTA CONFIANZA),53.36%,✅ (0.8% | $1005.48),
2026-03-04 15:08,AAPL,262.42,📉 VENTA (TENDENCIA BAJISTA),53.31%,❌ (-0.17% | $1005.31),
2026-03-04 15:08,MSFT,404.02,🚀 COMPRA (ALTA CONFIANZA),54.72%,✅ (0.3% | $1005.61),
2026-03-04 15:08,TSLA,400.43,🚀 COMPRA (ALTA CONFIANZA),53.3%,✅ (1.23% | $1006.84),
2026-03-04 15:08,GOOGL,303.54,📉 VENTA (TENDENCIA BAJISTA),53.01%,✅ (0.12% | $1006.96),
2026-03-04 15:08,AMZN,214.98,🚀 COMPRA (ALTA CONFIANZA),55.87%,✅ (0.79% | $1007.75),
2026-03-04 15:08,META,667.03,🚀 COMPRA (ALTA CONFIANZA),55.08%,✅ (0.09% | $1007.84),
2026-03-04 15:08,NFLX,99.07,🚀 COMPRA (ALTA CONFIANZA),55.06%,❌ (-0.38% | $1007.46),
2026-03-04 15:08,AMD,196.81,🚀 COMPRA (ALTA CONFIANZA),53.41%,✅ (2.68% | $1010.14),
2026-03-04 15:08,INTC,43.88,📉 VENTA (TENDENCIA BAJISTA),53.79%,🛑 STOP LOSS (-2.0% | $1008.14),
2026-03-04 15:08,PYPL,46.81,🚀 COMPRA (ALTA CONFIANZA),54.45%,❌ (-0.05% | $1008.09),
2026-03-04 15:08,ADBE,272.76,⚪ NEUTRAL (ESPERANDO CONFIRMACIÓN),55.65%,⚪ NO OPERADO,
2026-03-04 15:08,CSCO,79.52,🚀 COMPRA (ALTA CONFIANZA),53.5%,✅ (1.79% | $1009.88),
2026-03-04 15:08,PEP,164.01,⚪ NEUTRAL (ESPERANDO CONFIRMACIÓN),54.51%,⚪ NO OPERADO,
2026-03-04 15:08,COST,1001.45,📉 VENTA (TENDENCIA BAJISTA),53.04%,❌ (-0.54% | $1009.34),
2026-03-04 15:08,AVGO,318.46,🚀 COMPRA (ALTA CONFIANZA),53.5%,❌ (-0.26% | $1009.08),
2026-03-04 15:08,QCOM,137.94,📉 VENTA (TENDENCIA BAJISTA),53.99%,❌ (-1.2% | $1007.88),
2026-03-04 15:08,TMUS,218.07,🚀 COMPRA (ALTA CONFIANZA),53.33%,✅ (0.84% | $1008.72),
2026-03-04 15:08,TXN,203.93,⚪ NEUTRAL (ESPERANDO CONFIRMACIÓN),54.32%,⚪ NO OPERADO,
2026-03-04 15:08,AMAT,355.68,📉 VENTA (TENDENCIA BAJISTA),54.89%,❌ (-0.51% | $1008.21),
2026-03-05 21:40,MSFT,410.72,🚀 COMPRA (ALTA CONFIANZA),54.96,🛡️ LIQUIDACIÓN VIERNES (-0.43% | $1004.97),50.41060707387097
2026-03-05 21:40,PYPL,47.65,🚀 COMPRA (ALTA CONFIANZA),53.9,🛑 STOP LOSS (-2.0% | $1007.20),50.41060707387097
2026-03-05 22:21,PYPL,47.65,🚀 COMPRA (ALTA CONFIANZA),53.9,🛑 STOP LOSS (-2.0% | $1006.20),50.3601964667971
2026-03-05 22:26,PYPL,47.65,🚀 COMPRA (ALTA CONFIANZA),53.9,🛑 STOP LOSS (-2.0% | $1005.19),50.3098362703303
2026-03-06 15:21,ADBE,277.04,🚀 COMPRA (ALTA CONFIANZA),52.94,⏳ LIQUIDACIÓN VIERNES (2.38% | $1006.17),50.25952643405997
2026-03-06 21:01,MSFT,408.62,🚀 COMPRA (ALTA CONFIANZA),53.97,⏳ LIQUIDACIÓN VIERNES (0.08% | $1006.21),50.30841137597846
2026-03-06 21:58,MSFT,408.62,🚀 COMPRA (ALTA CONFIANZA),53.97,PENDIENTE,50.31050432664
2026-03-09 15:03,PYPL,45.45000076293945,COMPRA ESTRICTA - ALTA CONFIANZA,60.04999923706055,PENDIENTE,20.124201730655997
